[
    {
        "data": {
            "pubmed_id": 38946982,
            "papername": "Stroke Risk Reduction in Migraine Patients Using Propranolol: Evidence from Two Large-Scale Real-World Data Analyses.",
            "authors": "Jeong, Eugene; Mogos, Mulubrhan F; Chen, You",
            "publication_date": "2024-07-01",
            "journal": "medRxiv : the preprint server for health sciences",
            "abstract": "BACKGROUND: Propranolol, a non-selective beta-blocker, is commonly used for migraine prevention, but its impact on stroke risk among migraine patients remains controversial. Using two large electronic health records-based datasets, we examined stroke risk differences between migraine patients with- and without- documented use of propranolol.\nMETHODS: This retrospective case-control study utilized EHR data from the Vanderbilt University Medical Center (VUMC) and the All of Us Research Program. Migraine patients were first identified based on the International Classification of Headache Disorders, 3rd edition (ICHD-3) criteria using diagnosis codes. Among these patients, cases were defined as those with a primary diagnosis of stroke following the first diagnosis of migraine, while controls had no stroke after their first migraine diagnosis. Logistic regression models, adjusted for potential factors associated with stroke risk, assessed the association between propranolol use and stroke risk, stratified by sex and migraine subtype. A Cox proportional hazards regression model was used to estimate the hazard ratio (HR) for stroke risk at 1, 2, 5, and 10 years from baseline.\nRESULTS: In the VUMC database, 378 cases and 15,209 controls were identified, while the All of Us database included 267 cases and 6,579 controls. Propranolol significantly reduced stroke risk in female migraine patients (VUMC: OR=0.52, p=0.006; All of Us: OR=0.39, p=0.007), but not in males. The effect was more pronounced for ischemic stroke and in females with migraines without aura (MO) (VUMC: OR=0.60, p=0.014; All of Us: OR=0.28, p=0.006). The Cox model showed lower stroke rates in propranolol-treated female migraine patients at 1, 2, 5, and 10 years (VUMC: HR=0.06-0.55, p=0.0018-0.085; All of Us: HR=0.23, p=0.045 at 10 years).\nCONCLUSIONS: Propranolol is associated with a significant reduction in stroke risk, particularly ischemic stroke, among female migraine without aura patients. These findings suggest that propranolol may benefit stroke prevention in high-risk populations.",
            "results": "In the VUMC database, 378 cases and 15,209 controls were identified, while the All of Us database included 267 cases and 6,579 controls. Propranolol significantly reduced stroke risk in female migraine patients (",
            "conclusions": "Propranolol is associated with a significant reduction in stroke risk, particularly ischemic stroke, among female migraine without aura patients. These findings suggest that propranolol may benefit stroke prevention in high-risk populations."
        },
        "group_prompt": "\nYou are an assistant to read medical abstracts and results from papers about diseases, therapies and medicaments for future meta analysis.\nExtract the number of tested groups for a medical test from the following data. \nJust return the number of groups as an integer without other text.\n    \nIn the VUMC database, 378 cases and 15,209 controls were identified, while the All of Us database included 267 cases and 6,579 controls. Propranolol significantly reduced stroke risk in female migraine patients (",
        "group_answer": "2",
        "records_prompt": "You are an assistant to read medical abstracts and results from papers about diseases, therapies and medicaments for future meta analysis.\nExtract the disease, tested group or responder rates or problem groups or patients, therapy (e.g. chemotherapy) or medicament or program, medical outcome and results from the given information. \nMultiple records out of one paper are possible. The extracted answers must be very short.\n    \nGive me a JSON list of records with the following attributes, they must be present: \ndisease, tested_group_or_patients, therapy_or_medication, medical_outcome, result\n\nIf disease, therapy_or_medication, tested_group_or_patients, medical_outcome or result is not specified / not identified for a record skip it and do not return it.\nIf no records are found return an empty list.\nResult should only have the value with unit of measurement. Answers like '31.2% reduction' for result are not allowed.\nIf no tested_group_or_patients is specified return 'No group specified'.\n\nHere an example of how a medical record must look like:\nMigraine, Females with migraines without aura (MO), Erenumab, discontinuation, 10.6%\nMigraine, Male patients, Topiramate, discontinuation, 38.9%\nMigraine, Randomised group, Erenumab, reduction MMD, 55.4%\nMigraine, No group specified, Topiramate, reduction MMD, 31.2%\nMigraine, Group with MMD, Topiramate, reduction MMD, 31.2%\n    \nExtract the records for 2 groups from the following information in short:\n    \nIn the VUMC database, 378 cases and 15,209 controls were identified, while the All of Us database included 267 cases and 6,579 controls. Propranolol significantly reduced stroke risk in female migraine patients (",
        "records_answer": "Here are the extracted medical records:\n\n[\n  {\n    \"disease\": \"Migraine\",\n    \"tested_group_or_patients\": \"Female migraine patients\",\n    \"therapy_or_medication\": \"Propranolol\",\n    \"medical_outcome\": \"stroke risk reduction\",\n    \"result\": \"significant\"\n  },\n  {\n    \"disease\": \"Migraine\",\n    \"tested_group_or_patients\": \"'No group specified'\",\n    \"therapy_or_medication\": \"Propranolol\",\n    \"medical_outcome\": \"stroke risk reduction\",\n    \"result\": \"significant\"\n  }\n]",
        "records": [
            {
                "disease": "Migraine",
                "tested_group_or_patients": "Female migraine patients",
                "therapy_or_medication": "Propranolol",
                "medical_outcome": "stroke risk reduction",
                "result": "significant",
                "outcome_category": "Efficacy Measures",
                "outcome_evaluation": "significantly improved"
            },
            {
                "disease": "Migraine",
                "tested_group_or_patients": "'No group specified'",
                "therapy_or_medication": "Propranolol",
                "medical_outcome": "stroke risk reduction",
                "result": "significant",
                "outcome_category": "Physiological Measure",
                "outcome_evaluation": "significantly improved"
            }
        ]
    }
]